Original_Index,latitude,longitude,date_time,date,common_name,scientific_name,group_size,chlor_a_mean,chlor_a_median,chlor_a_std,chlor_a_min,chlor_a_max,chlor_a_q25,chlor_a_q75
0,37.14515,-74.54101,2024/12/28 11:33:07,2024-12-28,Fin whale,Balaenoptera physalus,4,0.4062725007534027,0.40282803773880005,0.022075582295656204,0.3816296458244324,0.4428595304489136,0.38464877009391785,0.4256443679332733
5,37.16355,-74.54586,2024/12/28 11:34:14,2024-12-28,Fin whale,Balaenoptera physalus,4,0.4217640459537506,0.4197571277618408,0.027787407860159874,0.38464877009391785,0.47328105568885803,0.40282803773880005,0.4428595304489136
0,37.14515,-74.54101,2024/12/28 11:33:07,2024-12-28,Fin whale,Balaenoptera physalus,4,0.4229724705219269,0.43619948625564575,0.03376641124486923,0.3850211203098297,0.4654650092124939,0.3866165727376938,0.4504442512989044
5,37.16355,-74.54586,2024/12/28 11:34:14,2024-12-28,Fin whale,Balaenoptera physalus,4,0.5351293683052063,0.43619951605796814,0.23511171340942383,0.38572368025779724,1.0015250444412231,0.38750946521759033,0.4646889865398407
0,37.14515,-74.54101,2024/12/28 11:33:07,2024-12-28,Fin whale,Balaenoptera physalus,4,0.53130704164505,0.5340186953544617,0.019175760447978973,0.48955807089805603,0.5529804229736328,0.528933584690094,0.5461182594299316
5,37.16355,-74.54586,2024/12/28 11:34:14,2024-12-28,Fin whale,Balaenoptera physalus,4,0.525384247303009,0.533033549785614,0.020782146602869034,0.48524823784828186,0.5471017360687256,0.5101038813591003,0.5439532995223999
1,38.3193,-73.84825,2025/02/22 14:46:46,2025-02-22,Fin whale,Balaenoptera physalus,1,0.8512479662895203,0.8421615362167358,0.029881807044148445,0.812086284160614,0.8996248245239258,0.8260722160339355,0.8821668028831482
2,38.31815,-73.85002,2025/02/22 14:50:02,2025-02-22,Fin whale,Balaenoptera physalus,1,0.8512479662895203,0.8421615362167358,0.029881807044148445,0.812086284160614,0.8996248245239258,0.8260722160339355,0.8821668028831482
3,38.30965,-73.82714,2025/02/22 14:50:41,2025-02-22,Humpback whale,Megaptera novaeangliae,2,0.8281842470169067,0.8244487643241882,0.031228259205818176,0.7910071611404419,0.8996248245239258,0.8062549233436584,0.8288862109184265
7,38.30913,-73.82352,2025/02/22 14:50:47,2025-02-22,Humpback whale,Megaptera novaeangliae,2,0.8281842470169067,0.8244487643241882,0.031228259205818176,0.7910071611404419,0.8996248245239258,0.8062549233436584,0.8288862109184265
17,38.19171,-73.72512,2025/02/22 15:00:43,2025-02-22,Fin whale,Balaenoptera physalus,1,0.7925716042518616,0.7934076189994812,0.02351696789264679,0.7507343888282776,0.8283616900444031,0.776581883430481,0.8075370788574219
18,38.16393,-73.73656,2025/02/22 15:01:47,2025-02-22,Fin whale,Balaenoptera physalus,1,0.7957935333251953,0.79691481590271,0.025780178606510162,0.7507343888282776,0.8283616900444031,0.776581883430481,0.8216714262962341
21,38.23487,-73.82935,2025/02/22 15:07:17,2025-02-22,Fin whale,Balaenoptera physalus,1,0.8286459445953369,0.8283616900444031,0.02084340713918209,0.7934076189994812,0.8599545955657959,0.8137720823287964,0.8392492532730103
22,38.24622,-73.83601,2025/02/22 15:07:43,2025-02-22,Fin whale,Balaenoptera physalus,1,0.8458418250083923,0.8416538834571838,0.01932280696928501,0.8137720823287964,0.8821668028831482,0.838146448135376,0.8580347895622253
23,38.25892,-73.83506,2025/02/22 15:08:07,2025-02-22,Humpback whale,Megaptera novaeangliae,2,0.8396493196487427,0.838146448135376,0.0221394132822752,0.812086284160614,0.8821668028831482,0.8244487643241882,0.8580347895622253
31,38.39448,-73.49339,2025/02/22 10:05:28,2025-02-22,Humpback whale,Megaptera novaeangliae,1,0.8282334804534912,0.836523711681366,0.021100753918290138,0.7945232391357422,0.8560736179351807,0.8104612827301025,0.8438026905059814
32,38.38323,-73.50716,2025/02/22 10:06:12,2025-02-22,Humpback whale,Megaptera novaeangliae,1,0.832687497138977,0.836523711681366,0.019038144499063492,0.8070283532142639,0.8560736179351807,0.8104612827301025,0.8505744934082031
40,38.43284,-73.58463,2025/02/22 10:10:17,2025-02-22,Humpback whale,Megaptera novaeangliae,1,0.8530895709991455,0.8505744934082031,0.013456522487103939,0.8279290795326233,0.877528190612793,0.8471074104309082,0.8598330020904541
41,38.43629,-73.57339,2025/02/22 10:15:58,2025-02-22,Humpback whale,Megaptera novaeangliae,1,0.8500761389732361,0.8505744934082031,0.011494308710098267,0.8279290795326233,0.8686671853065491,0.8471074104309082,0.8569853901863098
46,38.39316,-73.93637,2025/02/22 12:44:00,2025-02-22,North Atlantic right whale,Eubalaena glacialis,8,0.8645110130310059,0.8670825958251953,0.013389335945248604,0.8348009586334229,0.885830283164978,0.8597331047058105,0.8715696930885315
119,38.3245,-73.52472,2025/02/22 11:27:40,2025-02-22,Beaked whales,Hyperoodontidae,5,0.8124885559082031,0.8104612827301025,0.011660956777632236,0.7900199294090271,0.8356298804283142,0.8077079653739929,0.817868709564209
120,38.33333,-73.51281,2025/02/22 11:28:44,2025-02-22,Beaked whales,Hyperoodontidae,5,0.8124885559082031,0.8104612827301025,0.011660956777632236,0.7900199294090271,0.8356298804283142,0.8077079653739929,0.817868709564209
1,38.3193,-73.84825,2025/02/22 14:46:46,2025-02-22,Fin whale,Balaenoptera physalus,1,0.7713437080383301,0.7646729350090027,0.015083063393831253,0.7529595494270325,0.7956410646438599,0.7619515061378479,0.7870670557022095
2,38.31815,-73.85002,2025/02/22 14:50:02,2025-02-22,Fin whale,Balaenoptera physalus,1,0.7713437080383301,0.7646729350090027,0.015083063393831253,0.7529595494270325,0.7956410646438599,0.7619515061378479,0.7870670557022095
3,38.30965,-73.82714,2025/02/22 14:50:41,2025-02-22,Humpback whale,Megaptera novaeangliae,2,0.7594401836395264,0.763922393321991,0.02137114480137825,0.7295554876327515,0.7926287651062012,0.7362498044967651,0.766217052936554
7,38.30913,-73.82352,2025/02/22 14:50:47,2025-02-22,Humpback whale,Megaptera novaeangliae,2,0.7594401836395264,0.763922393321991,0.02137114480137825,0.7295554876327515,0.7926287651062012,0.7362498044967651,0.766217052936554
17,38.19171,-73.72512,2025/02/22 15:00:43,2025-02-22,Fin whale,Balaenoptera physalus,1,0.6473219394683838,0.6491667032241821,0.014230592176318169,0.6276527643203735,0.6783535480499268,0.637061357498169,0.6516725420951843
18,38.16393,-73.73656,2025/02/22 15:01:47,2025-02-22,Fin whale,Balaenoptera physalus,1,0.6491653919219971,0.6516725420951843,0.015131242573261261,0.6276527643203735,0.6793211102485657,0.637061357498169,0.657562792301178
21,38.23487,-73.82935,2025/02/22 15:07:17,2025-02-22,Fin whale,Balaenoptera physalus,1,0.7244228720664978,0.7295554876327515,0.04069426655769348,0.6516725420951843,0.7926287651062012,0.7003293633460999,0.7462930083274841
22,38.24622,-73.83601,2025/02/22 15:07:43,2025-02-22,Fin whale,Balaenoptera physalus,1,0.7482314705848694,0.7462930083274841,0.03134249150753021,0.7003293633460999,0.7956410646438599,0.7209330201148987,0.7646729350090027
23,38.25892,-73.83506,2025/02/22 15:08:07,2025-02-22,Humpback whale,Megaptera novaeangliae,2,0.76481693983078,0.7619515061378479,0.022729072719812393,0.7209330201148987,0.7956410646438599,0.7529595494270325,0.7870670557022095
31,38.39448,-73.49339,2025/02/22 10:05:28,2025-02-22,Humpback whale,Megaptera novaeangliae,1,0.7227382659912109,0.7297350168228149,0.0222379881888628,0.6861322522163391,0.7481768727302551,0.7067639231681824,0.7420009970664978
32,38.38323,-73.50716,2025/02/22 10:06:12,2025-02-22,Humpback whale,Megaptera novaeangliae,1,0.714067816734314,0.7156049013137817,0.022115521132946014,0.6861322522163391,0.7481768727302551,0.6889850497245789,0.7297350168228149
40,38.43284,-73.58463,2025/02/22 10:10:17,2025-02-22,Humpback whale,Megaptera novaeangliae,1,0.7265568375587463,0.7289149761199951,0.023647315800189972,0.6877475380897522,0.7615609169006348,0.7156049013137817,0.7427288293838501
41,38.43629,-73.57339,2025/02/22 10:15:58,2025-02-22,Humpback whale,Megaptera novaeangliae,1,0.7133461236953735,0.7156049013137817,0.020998885855078697,0.6877475380897522,0.7447162866592407,0.6891472339630127,0.7285833954811096
46,38.39316,-73.93637,2025/02/22 12:44:00,2025-02-22,North Atlantic right whale,Eubalaena glacialis,8,0.7642979621887207,0.7619710564613342,0.006980468053370714,0.7532041668891907,0.7741815447807312,0.7602384686470032,0.7714404463768005
119,38.3245,-73.52472,2025/02/22 11:27:40,2025-02-22,Beaked whales,Hyperoodontidae,5,0.7224562168121338,0.7319700717926025,0.024899136275053024,0.6702932119369507,0.7481768727302551,0.7131629586219788,0.7420009970664978
120,38.33333,-73.51281,2025/02/22 11:28:44,2025-02-22,Beaked whales,Hyperoodontidae,5,0.7224562168121338,0.7319700717926025,0.024899136275053024,0.6702932119369507,0.7481768727302551,0.7131629586219788,0.7420009970664978
1,38.3193,-73.84825,2025/02/22 14:46:46,2025-02-22,Fin whale,Balaenoptera physalus,1,0.8831679821014404,0.8900905251502991,0.040449317544698715,0.821372926235199,0.9362435936927795,0.8397495746612549,0.9066671133041382
2,38.31815,-73.85002,2025/02/22 14:50:02,2025-02-22,Fin whale,Balaenoptera physalus,1,0.8831679821014404,0.8900905251502991,0.040449317544698715,0.821372926235199,0.9362435936927795,0.8397495746612549,0.9066671133041382
3,38.30965,-73.82714,2025/02/22 14:50:41,2025-02-22,Humpback whale,Megaptera novaeangliae,2,0.8663802742958069,0.8440327644348145,0.03893999755382538,0.821372926235199,0.9348498582839966,0.8397495746612549,0.9064173698425293
7,38.30913,-73.82352,2025/02/22 14:50:47,2025-02-22,Humpback whale,Megaptera novaeangliae,2,0.8663802742958069,0.8440327644348145,0.03893999755382538,0.821372926235199,0.9348498582839966,0.8397495746612549,0.9064173698425293
17,38.19171,-73.72512,2025/02/22 15:00:43,2025-02-22,Fin whale,Balaenoptera physalus,1,0.7392668724060059,0.7254074215888977,0.033032435923814774,0.7023162841796875,0.7921367883682251,0.7109032273292542,0.7690730690956116
18,38.16393,-73.73656,2025/02/22 15:01:47,2025-02-22,Fin whale,Balaenoptera physalus,1,0.7260156273841858,0.7241357564926147,0.0343080572783947,0.6670859456062317,0.7887639403343201,0.7071048617362976,0.7393504977226257
21,38.23487,-73.82935,2025/02/22 15:07:17,2025-02-22,Fin whale,Balaenoptera physalus,1,0.8187021017074585,0.8086672425270081,0.06219804286956787,0.7461256980895996,0.9348498582839966,0.7690730690956116,0.8398092985153198
22,38.24622,-73.83601,2025/02/22 15:07:43,2025-02-22,Fin whale,Balaenoptera physalus,1,0.8340909481048584,0.820704996585846,0.07213519513607025,0.7461256980895996,0.9362435936927795,0.7606422305107117,0.9064173698425293
23,38.25892,-73.83506,2025/02/22 15:08:07,2025-02-22,Humpback whale,Megaptera novaeangliae,2,0.880548357963562,0.8900905251502991,0.04432496055960655,0.8086672425270081,0.9362435936927795,0.8426329493522644,0.9066671133041382
31,38.39448,-73.49339,2025/02/22 10:05:28,2025-02-22,Humpback whale,Megaptera novaeangliae,1,0.7505211234092712,0.7484056353569031,0.028629938140511513,0.7249209880828857,0.8258730173110962,0.7284390926361084,0.7501581907272339
32,38.38323,-73.50716,2025/02/22 10:06:12,2025-02-22,Humpback whale,Megaptera novaeangliae,1,0.7699346542358398,0.7484119534492493,0.05461980774998665,0.7249209880828857,0.899338960647583,0.7279811501502991,0.7757834196090698
40,38.43284,-73.58463,2025/02/22 10:10:17,2025-02-22,Humpback whale,Megaptera novaeangliae,1,0.8719072341918945,0.8859316110610962,0.0466829314827919,0.7757834196090698,0.9390612840652466,0.848701536655426,0.9027146697044373
41,38.43629,-73.57339,2025/02/22 10:15:58,2025-02-22,Humpback whale,Megaptera novaeangliae,1,0.8538726568222046,0.857552170753479,0.05961485579609871,0.7546612620353699,0.9390612840652466,0.8243612051010132,0.9027146697044373
46,38.39316,-73.93637,2025/02/22 12:44:00,2025-02-22,North Atlantic right whale,Eubalaena glacialis,8,0.7198441028594971,0.7043363451957703,0.062115252017974854,0.6471495032310486,0.8344593644142151,0.6652272939682007,0.7479995489120483
119,38.3245,-73.52472,2025/02/22 11:27:40,2025-02-22,Beaked whales,Hyperoodontidae,5,0.723049521446228,0.7227020859718323,0.0060699814930558205,0.7138290405273438,0.7340380549430847,0.7213995456695557,0.7266022562980652
120,38.33333,-73.51281,2025/02/22 11:28:44,2025-02-22,Beaked whales,Hyperoodontidae,5,0.723049521446228,0.7227020859718323,0.0060699814930558205,0.7138290405273438,0.7340380549430847,0.7213995456695557,0.7266022562980652
4,38.80395,-72.99513,2025/02/26 11:45:26,2025-02-26,Humpback whale,Megaptera novaeangliae,2,0.6342493891716003,0.6335242986679077,0.014999639242887497,0.6142672300338745,0.6617860794067383,0.626293420791626,0.6424503326416016
6,38.81244,-73.00711,2025/02/26 11:46:17,2025-02-26,Humpback whale,Megaptera novaeangliae,2,0.6451141238212585,0.6442347764968872,0.01602221094071865,0.6142672300338745,0.6720353364944458,0.6340295672416687,0.6522801518440247
13,38.82722,-72.97477,2025/02/26 11:48:18,2025-02-26,Fin whale,Balaenoptera physalus,1,0.6342493891716003,0.6335242986679077,0.014999639242887497,0.6142672300338745,0.6617860794067383,0.626293420791626,0.6424503326416016
14,38.90338,-73.09153,2025/02/26 11:53:01,2025-02-26,Fin whale,Balaenoptera physalus,1,0.669788658618927,0.6726090908050537,0.013135217130184174,0.6515434384346008,0.6940441727638245,0.6558195948600769,0.6761170625686646
38,38.7406,-73.24345,2025/02/26 10:10:32,2025-02-26,Fin whale,Balaenoptera physalus,1,0.6513187289237976,0.6492983102798462,0.012048250995576382,0.6347584128379822,0.6748465299606323,0.6471812725067139,0.6551927924156189
39,38.75009,-73.23051,2025/02/26 10:11:28,2025-02-26,Fin whale,Balaenoptera physalus,1,0.6493656635284424,0.6489338874816895,0.015694623813033104,0.623939573764801,0.6748465299606323,0.6352710127830505,0.6647008657455444
45,38.72615,-73.08132,2025/02/26 10:17:44,2025-02-26,Fin whale,Balaenoptera physalus,2,0.6363638043403625,0.6386052370071411,0.010027277283370495,0.6220706701278687,0.6534995436668396,0.6258004903793335,0.6433231234550476
4,38.80395,-72.99513,2025/02/26 11:45:26,2025-02-26,Humpback whale,Megaptera novaeangliae,2,0.7638776302337646,0.7594740986824036,0.01599166914820671,0.7435020804405212,0.8005411028862,0.7534095048904419,0.7726114392280579
6,38.81244,-73.00711,2025/02/26 11:46:17,2025-02-26,Humpback whale,Megaptera novaeangliae,2,0.7526152729988098,0.7507449388504028,0.0065681603737175465,0.7435020804405212,0.76419997215271,0.7478192448616028,0.7592124342918396
13,38.82722,-72.97477,2025/02/26 11:48:18,2025-02-26,Fin whale,Balaenoptera physalus,1,0.7638776302337646,0.7594740986824036,0.01599166914820671,0.7435020804405212,0.8005411028862,0.7534095048904419,0.7726114392280579
14,38.90338,-73.09153,2025/02/26 11:53:01,2025-02-26,Fin whale,Balaenoptera physalus,1,0.8302953243255615,0.8406208753585815,0.033869873732328415,0.7464128732681274,0.868179202079773,0.8240607976913452,0.8466612696647644
38,38.7406,-73.24345,2025/02/26 10:10:32,2025-02-26,Fin whale,Balaenoptera physalus,1,0.7845959067344666,0.7845665216445923,0.03179941698908806,0.7306720614433289,0.8336396217346191,0.7535962462425232,0.8126362562179565
39,38.75009,-73.23051,2025/02/26 10:11:28,2025-02-26,Fin whale,Balaenoptera physalus,1,0.7744340300559998,0.7804637551307678,0.03770431503653526,0.7245512008666992,0.8336396217346191,0.7372696995735168,0.8126362562179565
45,38.72615,-73.08132,2025/02/26 10:17:44,2025-02-26,Fin whale,Balaenoptera physalus,2,0.7787382006645203,0.780324399471283,0.02122056670486927,0.7507449388504028,0.8100033402442932,0.7568377256393433,0.7931742668151855
8,37.49114,-74.39087,2025/02/23 14:30:34,2025-02-23,Fin whale,Balaenoptera physalus,1,0.7414926886558533,0.7398543953895569,0.014208385720849037,0.7229212522506714,0.7600343823432922,0.7324681878089905,0.75954270362854
9,37.48327,-74.37031,2025/02/23 14:31:11,2025-02-23,Humpback whale,Megaptera novaeangliae,1,0.7553603649139404,0.7598397731781006,0.01589667610824108,0.7240803241729736,0.7767888903617859,0.7420425415039062,0.7636451125144958
10,37.49054,-74.38346,2025/02/23 14:35:27,2025-02-23,Humpback whale,Megaptera novaeangliae,1,0.7414926886558533,0.7398543953895569,0.014208385720849037,0.7229212522506714,0.7600343823432922,0.7324681878089905,0.75954270362854
42,37.78553,-74.08297,2025/02/23 15:12:40,2025-02-23,Sperm whale,Physeter macrocephalus,1,0.7582984566688538,0.7574158310890198,0.010229919105768204,0.744469404220581,0.7743820548057556,0.7525430917739868,0.7643532752990723
43,37.77793,-74.08491,2025/02/23 15:14:03,2025-02-23,Sperm whale,Physeter macrocephalus,1,0.752946138381958,0.753031313419342,0.014197885058820248,0.7238379716873169,0.7743820548057556,0.744785726070404,0.7642096281051636
47,37.86159,-74.19653,2025/02/23 15:19:09,2025-02-23,Humpback whale,Megaptera novaeangliae,1,0.8632521033287048,0.8537935614585876,0.07305090129375458,0.7642096281051636,0.9847979545593262,0.809557318687439,0.9154348969459534
48,37.84661,-74.19493,2025/02/23 15:20:16,2025-02-23,Humpback whale,Megaptera novaeangliae,1,0.8632521033287048,0.8537935614585876,0.07305090129375458,0.7642096281051636,0.9847979545593262,0.809557318687439,0.9154348969459534
117,37.59155,-74.27434,2025/02/23 13:24:23,2025-02-23,Sperm whale,Physeter macrocephalus,1,0.7828677296638489,0.785951554775238,0.023427369073033333,0.7457664608955383,0.8245803713798523,0.7631890773773193,0.7995941042900085
118,37.60274,-74.24987,2025/02/23 13:25:18,2025-02-23,Sperm whale,Physeter macrocephalus,1,0.7866703271865845,0.785951554775238,0.01894814521074295,0.7598617672920227,0.8245803713798523,0.7747505307197571,0.7995941042900085
8,37.49114,-74.39087,2025/02/23 14:30:34,2025-02-23,Fin whale,Balaenoptera physalus,1,0.6847108006477356,0.682137131690979,0.0172834862023592,0.658732533454895,0.7213840484619141,0.6736294627189636,0.6867373585700989
9,37.48327,-74.37031,2025/02/23 14:31:11,2025-02-23,Humpback whale,Megaptera novaeangliae,1,0.6775713562965393,0.6763609051704407,0.008516158908605576,0.658732533454895,0.6867373585700989,0.6736294627189636,0.6855578422546387
10,37.49054,-74.38346,2025/02/23 14:35:27,2025-02-23,Humpback whale,Megaptera novaeangliae,1,0.6847108006477356,0.682137131690979,0.0172834862023592,0.658732533454895,0.7213840484619141,0.6736294627189636,0.6867373585700989
42,37.78553,-74.08297,2025/02/23 15:12:40,2025-02-23,Sperm whale,Physeter macrocephalus,1,0.6725887656211853,0.6746523976325989,0.013502528890967369,0.6389469504356384,0.6859553456306458,0.6685582995414734,0.6838536262512207
43,37.77793,-74.08491,2025/02/23 15:14:03,2025-02-23,Sperm whale,Physeter macrocephalus,1,0.6771259903907776,0.6757662296295166,0.006352462340146303,0.6679940819740295,0.6859553456306458,0.6732230186462402,0.6838536262512207
47,37.86159,-74.19653,2025/02/23 15:19:09,2025-02-23,Humpback whale,Megaptera novaeangliae,1,0.6959455609321594,0.689316987991333,0.02435418590903282,0.663931667804718,0.7421430349349976,0.6789804697036743,0.7124977707862854
48,37.84661,-74.19493,2025/02/23 15:20:16,2025-02-23,Humpback whale,Megaptera novaeangliae,1,0.6959455609321594,0.689316987991333,0.02435418590903282,0.663931667804718,0.7421430349349976,0.6789804697036743,0.7124977707862854
117,37.59155,-74.27434,2025/02/23 13:24:23,2025-02-23,Sperm whale,Physeter macrocephalus,1,0.7058828473091125,0.7083398103713989,0.03643312677741051,0.6657518148422241,0.7648588418960571,0.6696709990501404,0.7189810872077942
118,37.60274,-74.24987,2025/02/23 13:25:18,2025-02-23,Sperm whale,Physeter macrocephalus,1,0.7193975448608398,0.7189810872077942,0.0353262759745121,0.6696709990501404,0.7648588418960571,0.6818475127220154,0.7594834566116333
8,37.49114,-74.39087,2025/02/23 14:30:34,2025-02-23,Fin whale,Balaenoptera physalus,1,0.8215318918228149,0.8178619742393494,0.02667572908103466,0.7881506681442261,0.8821232914924622,0.7984227538108826,0.8367466926574707
9,37.48327,-74.37031,2025/02/23 14:31:11,2025-02-23,Humpback whale,Megaptera novaeangliae,1,0.8110524415969849,0.8182553052902222,0.023873891681432724,0.758891761302948,0.8375921845436096,0.7981806993484497,0.824394166469574
10,37.49054,-74.38346,2025/02/23 14:35:27,2025-02-23,Humpback whale,Megaptera novaeangliae,1,0.8215318918228149,0.8178619742393494,0.02667572908103466,0.7881506681442261,0.8821232914924622,0.7984227538108826,0.8367466926574707
42,37.78553,-74.08297,2025/02/23 15:12:40,2025-02-23,Sperm whale,Physeter macrocephalus,1,0.7568088173866272,0.7586267590522766,0.02998051792383194,0.7033634185791016,0.8044161200523376,0.7431026101112366,0.7794869542121887
43,37.77793,-74.08491,2025/02/23 15:14:03,2025-02-23,Sperm whale,Physeter macrocephalus,1,0.7903831005096436,0.7878867387771606,0.030197441577911377,0.7431026101112366,0.8350732326507568,0.7627573609352112,0.8209298253059387
47,37.86159,-74.19653,2025/02/23 15:19:09,2025-02-23,Humpback whale,Megaptera novaeangliae,1,0.8439459204673767,0.8500665426254272,0.03041827492415905,0.7689271569252014,0.8750234246253967,0.836280345916748,0.8698375821113586
48,37.84661,-74.19493,2025/02/23 15:20:16,2025-02-23,Humpback whale,Megaptera novaeangliae,1,0.8439459204673767,0.8500665426254272,0.03041827492415905,0.7689271569252014,0.8750234246253967,0.836280345916748,0.8698375821113586
117,37.59155,-74.27434,2025/02/23 13:24:23,2025-02-23,Sperm whale,Physeter macrocephalus,1,0.7379645109176636,0.7390087246894836,0.020760610699653625,0.7048934102058411,0.7697464823722839,0.7213590741157532,0.7513595223426819
118,37.60274,-74.24987,2025/02/23 13:25:18,2025-02-23,Sperm whale,Physeter macrocephalus,1,0.7243035435676575,0.7213590741157532,0.022208197042346,0.6952469348907471,0.7697464823722839,0.7083751559257507,0.7317142486572266
11,38.18413,-73.8886,2025/02/24 09:22:09,2025-02-24,Fin whale,Balaenoptera physalus,2,0.8423067927360535,0.8470083475112915,0.0164632610976696,0.8141776323318481,0.8603777289390564,0.838146448135376,0.8551501035690308
12,38.17186,-73.86031,2025/02/24 09:23:01,2025-02-24,Common minke whale,Balaenoptera acutorostrata,1,0.8271266222000122,0.838146448135376,0.025910569354891777,0.7695585489273071,0.8580347895622253,0.8141776323318481,0.8416538834571838
19,38.18469,-73.89053,2025/02/24 09:26:35,2025-02-24,Common minke whale,Balaenoptera acutorostrata,1,0.8423067927360535,0.8470083475112915,0.0164632610976696,0.8141776323318481,0.8603777289390564,0.838146448135376,0.8551501035690308
20,38.15422,-73.81721,2025/02/24 09:28:48,2025-02-24,Fin whale,Balaenoptera physalus,1,0.8202917575836182,0.8260719776153564,0.028796980157494545,0.7695585489273071,0.8568036556243896,0.8141776323318481,0.8392492532730103
24,38.15255,-73.82005,2025/02/24 09:38:53,2025-02-24,Fin whale,Balaenoptera physalus,1,0.8202917575836182,0.8260719776153564,0.028796980157494545,0.7695585489273071,0.8568036556243896,0.8141776323318481,0.8392492532730103
27,38.14367,-73.79472,2025/02/24 09:39:41,2025-02-24,Common minke whale,Balaenoptera acutorostrata,1,0.8202917575836182,0.8260719776153564,0.028796980157494545,0.7695585489273071,0.8568036556243896,0.8141776323318481,0.8392492532730103
28,38.12214,-73.77015,2025/02/24 09:42:21,2025-02-24,Fin whale,Balaenoptera physalus,1,0.8117188215255737,0.815664529800415,0.03207769989967346,0.7695585489273071,0.872287392616272,0.7775750160217285,0.8260719776153564
33,38.13343,-73.94644,2025/02/24 09:48:26,2025-02-24,Fin whale,Balaenoptera physalus,1,0.8449736833572388,0.8470083475112915,0.020370205864310265,0.8143967986106873,0.8789613246917725,0.8280409574508667,0.8519247174263
11,38.18413,-73.8886,2025/02/24 09:22:09,2025-02-24,Fin whale,Balaenoptera physalus,2,0.7344712018966675,0.7219406366348267,0.025795383378863335,0.7079933285713196,0.7908560037612915,0.7170118689537048,0.7462930083274841
12,38.17186,-73.86031,2025/02/24 09:23:01,2025-02-24,Common minke whale,Balaenoptera acutorostrata,1,0.7212818264961243,0.71763014793396,0.02210596576333046,0.6847728490829468,0.7612057328224182,0.7079933285713196,0.7353673577308655
19,38.18469,-73.89053,2025/02/24 09:26:35,2025-02-24,Common minke whale,Balaenoptera acutorostrata,1,0.7344712018966675,0.7219406366348267,0.025795383378863335,0.7079933285713196,0.7908560037612915,0.7170118689537048,0.7462930083274841
20,38.15422,-73.81721,2025/02/24 09:28:48,2025-02-24,Fin whale,Balaenoptera physalus,1,0.6849896311759949,0.6851903200149536,0.025858405977487564,0.6516725420951843,0.7353673577308655,0.657562792301178,0.7003293633460999
24,38.15255,-73.82005,2025/02/24 09:38:53,2025-02-24,Fin whale,Balaenoptera physalus,1,0.6849896311759949,0.6851903200149536,0.025858405977487564,0.6516725420951843,0.7353673577308655,0.657562792301178,0.7003293633460999
27,38.14367,-73.79472,2025/02/24 09:39:41,2025-02-24,Common minke whale,Balaenoptera acutorostrata,1,0.6849896311759949,0.6851903200149536,0.025858405977487564,0.6516725420951843,0.7353673577308655,0.657562792301178,0.7003293633460999
28,38.12214,-73.77015,2025/02/24 09:42:21,2025-02-24,Fin whale,Balaenoptera physalus,1,0.6703447103500366,0.6797419190406799,0.017252767458558083,0.637061357498169,0.6904167532920837,0.657562792301178,0.6847728490829468
33,38.13343,-73.94644,2025/02/24 09:48:26,2025-02-24,Fin whale,Balaenoptera physalus,1,0.7092329859733582,0.7119426727294922,0.022163784131407738,0.6804726123809814,0.7557525038719177,0.6902027130126953,0.71763014793396
11,38.18413,-73.8886,2025/02/24 09:22:09,2025-02-24,Fin whale,Balaenoptera physalus,2,0.775030255317688,0.7606422305107117,0.06373158097267151,0.6742227673530579,0.8959800601005554,0.7461256980895996,0.820704996585846
12,38.17186,-73.86031,2025/02/24 09:23:01,2025-02-24,Common minke whale,Balaenoptera acutorostrata,1,0.7574474811553955,0.7505347728729248,0.05414809286594391,0.6742227673530579,0.8426329493522644,0.7180004715919495,0.8086672425270081
19,38.18469,-73.89053,2025/02/24 09:26:35,2025-02-24,Common minke whale,Balaenoptera acutorostrata,1,0.775030255317688,0.7606422305107117,0.06373158097267151,0.6742227673530579,0.8959800601005554,0.7461256980895996,0.820704996585846
20,38.15422,-73.81721,2025/02/24 09:28:48,2025-02-24,Fin whale,Balaenoptera physalus,1,0.7056452035903931,0.6954958438873291,0.03738848492503166,0.663451075553894,0.7690730690956116,0.6742227673530579,0.7461256980895996
24,38.15255,-73.82005,2025/02/24 09:38:53,2025-02-24,Fin whale,Balaenoptera physalus,1,0.7056452035903931,0.6954958438873291,0.03738848492503166,0.663451075553894,0.7690730690956116,0.6742227673530579,0.7461256980895996
27,38.14367,-73.79472,2025/02/24 09:39:41,2025-02-24,Common minke whale,Balaenoptera acutorostrata,1,0.7056452035903931,0.6954958438873291,0.03738848492503166,0.663451075553894,0.7690730690956116,0.6742227673530579,0.7461256980895996
28,38.12214,-73.77015,2025/02/24 09:42:21,2025-02-24,Fin whale,Balaenoptera physalus,1,0.7106230854988098,0.7071048617362976,0.034698907285928726,0.663451075553894,0.7785999178886414,0.6954958438873291,0.718534529209137
33,38.13343,-73.94644,2025/02/24 09:48:26,2025-02-24,Fin whale,Balaenoptera physalus,1,0.7803739309310913,0.769232988357544,0.05232105776667595,0.7180004715919495,0.897186815738678,0.7469595670700073,0.7898765206336975
15,36.66619,-74.69067,2025/02/18 15:03:20,2025-02-18,Fin whale,Balaenoptera physalus,1,0.6960322260856628,0.6685217022895813,0.050368864089250565,0.6401779651641846,0.8015795350074768,0.6565532088279724,0.7237824201583862
16,36.73062,-74.65946,2025/02/18 15:06:10,2025-02-18,Fin whale,Balaenoptera physalus,2,0.7952514886856079,0.8018741607666016,0.033227622509002686,0.7237824201583862,0.8334547281265259,0.7756940722465515,0.8197441101074219
15,36.66619,-74.69067,2025/02/18 15:03:20,2025-02-18,Fin whale,Balaenoptera physalus,1,0.6596194505691528,0.6579704880714417,0.010321296751499176,0.6425452828407288,0.6768842935562134,0.6524057984352112,0.6668561100959778
16,36.73062,-74.65946,2025/02/18 15:06:10,2025-02-18,Fin whale,Balaenoptera physalus,2,0.6569278240203857,0.656097412109375,0.007705715950578451,0.6425452828407288,0.6680470108985901,0.6524057984352112,0.6627091765403748
25,37.20008,-74.55964,2025/02/25 09:28:54,2025-02-25,Fin whale,Balaenoptera physalus,1,0.7100436687469482,0.7058587074279785,0.017845725640654564,0.675888180732727,0.7323154211044312,0.7021492123603821,0.724520742893219
29,37.20866,-74.57956,2025/02/25 09:36:42,2025-02-25,Humpback whale,Megaptera novaeangliae,2,0.7136929035186768,0.722230076789856,0.019727110862731934,0.675888180732727,0.7372294068336487,0.7021492123603821,0.7312489151954651
30,37.22326,-74.55649,2025/02/25 09:40:51,2025-02-25,Fin whale,Balaenoptera physalus,1,0.7136929035186768,0.722230076789856,0.019727110862731934,0.675888180732727,0.7372294068336487,0.7021492123603821,0.7312489151954651
34,37.201,-74.58828,2025/02/25 09:42:42,2025-02-25,Humpback whale,Megaptera novaeangliae,2,0.7053210139274597,0.7049232721328735,0.018865546211600304,0.675888180732727,0.7360355257987976,0.691517174243927,0.7237116098403931
35,37.19822,-74.59619,2025/02/25 09:42:59,2025-02-25,Humpback whale,Megaptera novaeangliae,2,0.7053210139274597,0.7049232721328735,0.018865546211600304,0.675888180732727,0.7360355257987976,0.691517174243927,0.7237116098403931
36,37.06681,-74.62614,2025/02/25 11:56:06,2025-02-25,Blue whale,Balaenoptera musculus,1,0.7297561168670654,0.7357339262962341,0.01560011226683855,0.7074957489967346,0.748857319355011,0.7174752950668335,0.7423346638679504
37,37.08502,-74.63102,2025/02/25 11:57:00,2025-02-25,Blue whale,Balaenoptera musculus,1,0.7294148802757263,0.7357339262962341,0.0187021866440773,0.691517174243927,0.748857319355011,0.7205570340156555,0.7423346638679504
44,37.07738,-74.62389,2025/02/25 12:03:51,2025-02-25,Humpback whale,Megaptera novaeangliae,1,0.7393327951431274,0.7423346638679504,0.017728544771671295,0.7074957489967346,0.7703095078468323,0.7295181155204773,0.748857319355011
49,37.07899,-74.64352,2025/02/25 12:11:37,2025-02-25,Fin whale,Balaenoptera physalus,1,0.7297561168670654,0.7357339262962341,0.01560011226683855,0.7074957489967346,0.748857319355011,0.7174752950668335,0.7423346638679504
25,37.20008,-74.55964,2025/02/25 09:28:54,2025-02-25,Fin whale,Balaenoptera physalus,1,0.9530465602874756,0.9079405069351196,0.0888182520866394,0.860916018486023,1.122730016708374,0.8933002948760986,1.0303370952606201
29,37.20866,-74.57956,2025/02/25 09:36:42,2025-02-25,Humpback whale,Megaptera novaeangliae,2,1.0860621929168701,1.0665020942687988,0.15755359828472137,0.902649462223053,1.3341022729873657,0.9095134735107422,1.1933560371398926
30,37.22326,-74.55649,2025/02/25 09:40:51,2025-02-25,Fin whale,Balaenoptera physalus,1,1.0860621929168701,1.0665020942687988,0.15755359828472137,0.902649462223053,1.3341022729873657,0.9095134735107422,1.1933560371398926
34,37.201,-74.58828,2025/02/25 09:42:42,2025-02-25,Humpback whale,Megaptera novaeangliae,2,0.9710983633995056,0.9095134735107422,0.10148970037698746,0.8801386952400208,1.1418285369873047,0.8933002948760986,1.0665020942687988
35,37.19822,-74.59619,2025/02/25 09:42:59,2025-02-25,Humpback whale,Megaptera novaeangliae,2,0.9710983633995056,0.9095134735107422,0.10148970037698746,0.8801386952400208,1.1418285369873047,0.8933002948760986,1.0665020942687988
36,37.06681,-74.62614,2025/02/25 11:56:06,2025-02-25,Blue whale,Balaenoptera musculus,1,0.9430882930755615,0.914681613445282,0.10011910647153854,0.8157858848571777,1.1075056791305542,0.8517513275146484,0.9745209813117981
37,37.08502,-74.63102,2025/02/25 11:57:00,2025-02-25,Blue whale,Balaenoptera musculus,1,0.9556613564491272,0.914681613445282,0.08814982324838638,0.8517513275146484,1.1075056791305542,0.8933002948760986,0.9745209813117981
44,37.07738,-74.62389,2025/02/25 12:03:51,2025-02-25,Humpback whale,Megaptera novaeangliae,1,0.8702065348625183,0.8517513275146484,0.06371263414621353,0.7812851071357727,0.9745209813117981,0.8180034756660461,0.914681613445282
49,37.07899,-74.64352,2025/02/25 12:11:37,2025-02-25,Fin whale,Balaenoptera physalus,1,0.9430882930755615,0.914681613445282,0.10011910647153854,0.8157858848571777,1.1075056791305542,0.8517513275146484,0.9745209813117981
26,37.26735,-74.55557,2025/03/03 10:41:30,2025-03-03,Humpback whale,Megaptera novaeangliae,1,0.7167240977287292,0.724520742893219,0.027935203164815903,0.6526866555213928,0.7506736516952515,0.7058587074279785,0.7342734336853027
26,37.26735,-74.55557,2025/03/03 10:41:30,2025-03-03,Humpback whale,Megaptera novaeangliae,1,1.2172002792358398,1.1933560371398926,0.12456859648227692,1.0303370952606201,1.4098403453826904,1.122730016708374,1.322853922843933
26,37.26735,-74.55557,2025/03/03 10:41:30,2025-03-03,Humpback whale,Megaptera novaeangliae,1,0.8889625072479248,0.8885529041290283,0.03422749042510986,0.8335008025169373,0.9430991411209106,0.8772249221801758,0.8982805013656616
50,37.82607,-74.11353,2025/01/24 14:13:04,2025-01-24,Humpback whale,Megaptera novaeangliae,1,0.3864016532897949,0.38227027654647827,0.020701183006167412,0.35887572169303894,0.4205051064491272,0.3659537136554718,0.40396639704704285
59,37.6423,-74.21067,2025/01/24 14:59:06,2025-01-24,Humpback whale,Megaptera novaeangliae,2,0.36378780007362366,0.36378780007362366,0.0,0.36378780007362366,0.36378780007362366,0.36378780007362366,0.36378780007362366
60,37.66146,-74.20249,2025/01/24 15:00:03,2025-01-24,Humpback whale,Megaptera novaeangliae,2,,,,,,,
61,37.65032,-74.23256,2025/01/24 15:02:01,2025-01-24,Humpback whale,Megaptera novaeangliae,2,0.36378780007362366,0.36378780007362366,0.0,0.36378780007362366,0.36378780007362366,0.36378780007362366,0.36378780007362366
62,37.6282,-74.21781,2025/01/24 15:16:13,2025-01-24,Humpback whale,Megaptera novaeangliae,2,0.36378780007362366,0.36378780007362366,0.0,0.36378780007362366,0.36378780007362366,0.36378780007362366,0.36378780007362366
50,37.82607,-74.11353,2025/01/24 14:13:04,2025-01-24,Humpback whale,Megaptera novaeangliae,1,0.4164644777774811,0.4110102951526642,0.022864000871777534,0.3834344446659088,0.46105754375457764,0.4030367434024811,0.43064960837364197
59,37.6423,-74.21067,2025/01/24 14:59:06,2025-01-24,Humpback whale,Megaptera novaeangliae,2,0.42417803406715393,0.43004900217056274,0.019944719970226288,0.3842933475971222,0.44530636072158813,0.42133060097694397,0.4412214756011963
60,37.66146,-74.20249,2025/01/24 15:00:03,2025-01-24,Humpback whale,Megaptera novaeangliae,2,0.41717883944511414,0.42133060097694397,0.022362632676959038,0.3842933475971222,0.4456253945827484,0.39513829350471497,0.4412214756011963
61,37.65032,-74.23256,2025/01/24 15:02:01,2025-01-24,Humpback whale,Megaptera novaeangliae,2,0.42417803406715393,0.43004900217056274,0.019944719970226288,0.3842933475971222,0.44530636072158813,0.42133060097694397,0.4412214756011963
62,37.6282,-74.21781,2025/01/24 15:16:13,2025-01-24,Humpback whale,Megaptera novaeangliae,2,0.42417803406715393,0.43004900217056274,0.019944719970226288,0.3842933475971222,0.44530636072158813,0.42133060097694397,0.4412214756011963
51,38.22844,-73.81536,2025/01/27 11:10:48,2025-01-27,Sperm whale,Physeter macrocephalus,1,0.27689769864082336,0.27468353509902954,0.014954878017306328,0.2636876702308655,0.3082130253314972,0.26612212508916855,0.2763085216283798
52,38.24422,-73.80962,2025/01/27 11:13:43,2025-01-27,Sperm whale,Physeter macrocephalus,1,0.27689769864082336,0.27468353509902954,0.014954878017306328,0.2636876702308655,0.3082130253314972,0.26612212508916855,0.2763085216283798
55,38.12404,-73.76578,2025/01/27 09:23:52,2025-01-27,Fin whale,Balaenoptera physalus,1,0.5121781229972839,0.5103546380996704,0.03960145637392998,0.44883352518081665,0.5595958232879639,0.4848219156265259,0.5484094619750977
56,38.18463,-73.89057,2025/01/27 09:28:09,2025-01-27,Fin whale,Balaenoptera physalus,1,0.33689677715301514,0.29685550928115845,0.082186758518219,0.2711085081100464,0.47655028104782104,0.2763085216283798,0.3626191169023514
57,38.15814,-73.86529,2025/01/27 09:30:20,2025-01-27,Fin whale,Balaenoptera physalus,1,0.41179561614990234,0.47655028104782104,0.0989539623260498,0.2711085081100464,0.5103546380996704,0.27631106972694397,0.48217105865478516
58,38.17824,-73.87893,2025/01/27 09:31:17,2025-01-27,Fin whale,Balaenoptera physalus,1,0.33689677715301514,0.29685550928115845,0.082186758518219,0.2711085081100464,0.47655028104782104,0.2763085216283798,0.3626191169023514
51,38.22844,-73.81536,2025/01/27 11:10:48,2025-01-27,Sperm whale,Physeter macrocephalus,1,0.49839386343955994,0.4958573877811432,0.008984510786831379,0.48690322041511536,0.5170643925666809,0.4940796494483948,0.5035682916641235
52,38.24422,-73.80962,2025/01/27 11:13:43,2025-01-27,Sperm whale,Physeter macrocephalus,1,0.49839386343955994,0.4958573877811432,0.008984510786831379,0.48690322041511536,0.5170643925666809,0.4940796494483948,0.5035682916641235
55,38.12404,-73.76578,2025/01/27 09:23:52,2025-01-27,Fin whale,Balaenoptera physalus,1,0.534305989742279,0.5354680418968201,0.008873272687196732,0.5198175311088562,0.5497946739196777,0.529396116733551,0.5370563864707947
56,38.18463,-73.89057,2025/01/27 09:28:09,2025-01-27,Fin whale,Balaenoptera physalus,1,0.5039685368537903,0.4958573877811432,0.024086402729153633,0.4697517156600952,0.5449782013893127,0.49335938692092896,0.5109626650810242
57,38.15814,-73.86529,2025/01/27 09:30:20,2025-01-27,Fin whale,Balaenoptera physalus,1,0.5293490886688232,0.5397416949272156,0.019502507522702217,0.4940796494483948,0.5497946739196777,0.5109626650810242,0.5448076128959656
58,38.17824,-73.87893,2025/01/27 09:31:17,2025-01-27,Fin whale,Balaenoptera physalus,1,0.5039685368537903,0.4958573877811432,0.024086402729153633,0.4697517156600952,0.5449782013893127,0.49335938692092896,0.5109626650810242
51,38.22844,-73.81536,2025/01/27 11:10:48,2025-01-27,Sperm whale,Physeter macrocephalus,1,0.30989140272140503,0.30694711208343506,0.014780260622501373,0.2928231358528137,0.33284831047058105,0.3001408725976944,0.3166976794600487
52,38.24422,-73.80962,2025/01/27 11:13:43,2025-01-27,Sperm whale,Physeter macrocephalus,1,0.30989140272140503,0.30694711208343506,0.014780260622501373,0.2928231358528137,0.33284831047058105,0.3001408725976944,0.3166976794600487
55,38.12404,-73.76578,2025/01/27 09:23:52,2025-01-27,Fin whale,Balaenoptera physalus,1,0.3574657440185547,0.349322110414505,0.026309119537472725,0.32809925079345703,0.39396584033966064,0.3311957120895386,0.39232951402664185
56,38.18463,-73.89057,2025/01/27 09:28:09,2025-01-27,Fin whale,Balaenoptera physalus,1,0.31997907161712646,0.3223751187324524,0.011801470071077347,0.2928231358528137,0.3381579518318176,0.3177374005317688,0.32571718096733093
57,38.15814,-73.86529,2025/01/27 09:30:20,2025-01-27,Fin whale,Balaenoptera physalus,1,0.3264610767364502,0.3273047208786011,0.013004500418901443,0.3025801181793213,0.349322110414505,0.32090023159980774,0.33381232619285583
58,38.17824,-73.87893,2025/01/27 09:31:17,2025-01-27,Fin whale,Balaenoptera physalus,1,0.31997907161712646,0.3223751187324524,0.011801470071077347,0.2928231358528137,0.3381579518318176,0.3177374005317688,0.32571718096733093
53,36.83639,-74.64515,2025/01/25 09:28:37,2025-01-25,Fin whale,Balaenoptera physalus,1,0.3076731562614441,0.3025158643722534,0.013625754043459892,0.2919946312904358,0.3291560411453247,0.29874369502067566,0.31617674231529236
54,36.81318,-74.64325,2025/01/25 09:29:29,2025-01-25,Fin whale,Balaenoptera physalus,1,0.31602150201797485,0.3205031752586365,0.01412974577397108,0.2938069999217987,0.3291560411453247,0.3052152171730995,0.3291560336947441
109,37.00146,-74.65873,2025/01/25 12:06:03,2025-01-25,Humpback whale,Megaptera novaeangliae,2,0.2984859347343445,0.2933960258960724,0.011666275560855865,0.28628817200660706,0.32368022203445435,0.28945472836494446,0.3040568232536316
112,37.01329,-74.64159,2025/01/25 12:06:45,2025-01-25,Humpback whale,Megaptera novaeangliae,2,0.2984859347343445,0.2933960258960724,0.011666275560855865,0.28628817200660706,0.32368022203445435,0.28945472836494446,0.3040568232536316
113,37.00016,-74.63312,2025/01/25 12:07:47,2025-01-25,Fin whale,Balaenoptera physalus,2,0.2984859347343445,0.2933960258960724,0.011666275560855865,0.28628817200660706,0.32368022203445435,0.28945472836494446,0.3040568232536316
114,37.10707,-74.55015,2025/01/25 12:34:25,2025-01-25,Fin whale,Balaenoptera physalus,1,0.28932106494903564,0.2845805883407593,0.01311506237834692,0.2782074511051178,0.3216855227947235,0.2792303264141083,0.29290926456451416
115,37.12296,-74.53705,2025/01/25 12:35:08,2025-01-25,Humpback whale,Megaptera novaeangliae,2,0.2818946838378906,0.2807421088218689,0.005867427214980125,0.2757595479488373,0.29710182547569275,0.2785317897796631,0.281462162733078
116,37.13241,-74.54776,2025/01/25 12:35:38,2025-01-25,Humpback whale,Megaptera novaeangliae,2,0.29948413372039795,0.2918188273906708,0.018358666449785233,0.2782074511051178,0.33111485838890076,0.2845805883407593,0.319205105304718
53,36.83639,-74.64515,2025/01/25 09:28:37,2025-01-25,Fin whale,Balaenoptera physalus,1,0.35569629073143005,0.3605227470397949,0.01691971719264984,0.3252321779727936,0.37399715185165405,0.3477823734283447,0.36693471670150757
54,36.81318,-74.64325,2025/01/25 09:29:29,2025-01-25,Fin whale,Balaenoptera physalus,1,0.3552809953689575,0.35855212807655334,0.01686164364218712,0.3252321779727936,0.37515977025032043,0.3477823734283447,0.36693471670150757
109,37.00146,-74.65873,2025/01/25 12:06:03,2025-01-25,Humpback whale,Megaptera novaeangliae,2,0.35348647832870483,0.3590596318244934,0.013140086084604263,0.33159157633781433,0.3739011585712433,0.347852885723114,0.3603551387786865
112,37.01329,-74.64159,2025/01/25 12:06:45,2025-01-25,Humpback whale,Megaptera novaeangliae,2,0.35348647832870483,0.3590596318244934,0.013140086084604263,0.33159157633781433,0.3739011585712433,0.347852885723114,0.3603551387786865
113,37.00016,-74.63312,2025/01/25 12:07:47,2025-01-25,Fin whale,Balaenoptera physalus,2,0.35348647832870483,0.3590596318244934,0.013140086084604263,0.33159157633781433,0.3739011585712433,0.347852885723114,0.3603551387786865
114,37.10707,-74.55015,2025/01/25 12:34:25,2025-01-25,Fin whale,Balaenoptera physalus,1,0.37485185265541077,0.36944830417633057,0.03692431002855301,0.3273110091686249,0.4515971541404724,0.35660022497177124,0.38834768533706665
115,37.12296,-74.53705,2025/01/25 12:35:08,2025-01-25,Humpback whale,Megaptera novaeangliae,2,0.41363272070884705,0.41255491971969604,0.04537941515445709,0.35660022497177124,0.49964097142219543,0.37038931250572205,0.4515971541404724
116,37.13241,-74.54776,2025/01/25 12:35:38,2025-01-25,Humpback whale,Megaptera novaeangliae,2,0.3635202646255493,0.36944830417633057,0.027639025822281837,0.3273110091686249,0.41605812311172485,0.3358563780784607,0.37574127316474915
63,38.61398,-73.29725,2025/03/19 11:11:27,2025-03-19,Humpback whale,Megaptera novaeangliae,1,0.9005385637283325,0.8975582718849182,0.04187142476439476,0.8539493083953857,0.9696588516235352,0.863336443901062,0.9321029186248779
101,38.4642,-73.48421,2025/03/19 15:17:28,2025-03-19,Fin whale,Balaenoptera physalus,2,0.8955616354942322,0.8952282071113586,0.010785696096718311,0.8807448744773865,0.915497362613678,0.8857942819595337,0.9022907614707947
102,38.47909,-73.45693,2025/03/19 15:18:35,2025-03-19,Fin whale,Balaenoptera physalus,2,0.8909491300582886,0.8857942819595337,0.011597812175750732,0.8778072595596313,0.915497362613678,0.8812883496284485,0.8974178433418274
63,38.61398,-73.29725,2025/03/19 11:11:27,2025-03-19,Humpback whale,Megaptera novaeangliae,1,0.6410689353942871,0.6237540245056152,0.06947749108076096,0.5550059080123901,0.7440595626831055,0.5880941152572632,0.7016211748123169
101,38.4642,-73.48421,2025/03/19 15:17:28,2025-03-19,Fin whale,Balaenoptera physalus,2,0.6578474044799805,0.6567779779434204,0.018246755003929138,0.6262813806533813,0.6859119534492493,0.6459810733795166,0.673811674118042
102,38.47909,-73.45693,2025/03/19 15:18:35,2025-03-19,Fin whale,Balaenoptera physalus,2,0.6580998301506042,0.6477237343788147,0.025451527908444405,0.6262813806533813,0.7146807312965393,0.6436516642570496,0.673811674118042
63,38.61398,-73.29725,2025/03/19 11:11:27,2025-03-19,Humpback whale,Megaptera novaeangliae,1,0.7225154638290405,0.7191497683525085,0.008741057477891445,0.7126458287239075,0.7430256605148315,0.7185322642326355,0.7268918752670288
101,38.4642,-73.48421,2025/03/19 15:17:28,2025-03-19,Fin whale,Balaenoptera physalus,2,0.7015731930732727,0.7049980163574219,0.011080951429903507,0.6813855767250061,0.7142965793609619,0.6969254612922668,0.7109844088554382
102,38.47909,-73.45693,2025/03/19 15:18:35,2025-03-19,Fin whale,Balaenoptera physalus,2,0.7076566815376282,0.7065898776054382,0.005202219821512699,0.6972612142562866,0.7142965793609619,0.7049980163574219,0.7111148834228516
64,38.24397,-73.67499,2025/03/25 10:32:07,2025-03-25,Fin whale,Balaenoptera physalus,3,0.7024473547935486,0.6987261176109314,0.023044072091579437,0.6665223836898804,0.7319867610931396,0.6912877559661865,0.7279306650161743
65,38.25499,-73.67715,2025/03/25 10:32:38,2025-03-25,Fin whale,Balaenoptera physalus,3,0.6960368156433105,0.6912877559661865,0.021173618733882904,0.6665223836898804,0.7292177081108093,0.6814835667610168,0.7097000479698181
80,38.28309,-74.29529,2025/03/25 11:56:47,2025-03-25,Common minke whale,Balaenoptera acutorostrata,1,0.6007881760597229,0.5927720069885254,0.02103096805512905,0.5797526836395264,0.6465346217155457,0.5887013077735901,0.610068142414093
81,38.04273,-73.90911,2025/03/25 12:14:33,2025-03-25,Fin whale,Balaenoptera physalus,1,0.7354928851127625,0.733579158782959,0.01109942514449358,0.7225753664970398,0.7583921551704407,0.7270320057868958,0.7360308766365051
82,38.15058,-74.15977,2025/03/25 12:22:37,2025-03-25,Common minke whale,Balaenoptera acutorostrata,1,0.6818111538887024,0.6836697459220886,0.019128035753965378,0.6470208168029785,0.7065146565437317,0.6774151921272278,0.6981014013290405
83,38.18413,-74.23932,2025/03/25 12:25:05,2025-03-25,Humpback whale,Megaptera novaeangliae,1,0.6611302495002747,0.657630205154419,0.02218763343989849,0.6193456649780273,0.6982104778289795,0.6517021059989929,0.6714057922363281
84,38.22727,-74.23258,2025/03/25 12:26:45,2025-03-25,Humpback whale,Megaptera novaeangliae,1,0.6684542894363403,0.6656965613365173,0.023550942540168762,0.6245285868644714,0.700741708278656,0.657630205154419,0.6900985240936279
88,38.44993,-73.6255,2025/03/25 10:17:21,2025-03-25,Fin whale,Balaenoptera physalus,1,0.6866622567176819,0.6779891848564148,0.019731545820832253,0.6619414687156677,0.7139047384262085,0.6674817800521851,0.7076204419136047
89,38.41902,-73.61087,2025/03/25 10:18:32,2025-03-25,Fin whale,Balaenoptera physalus,1,0.6875413060188293,0.6822362542152405,0.014215023256838322,0.6658268570899963,0.7106371521949768,0.6779891848564148,0.6986526846885681
64,38.24397,-73.67499,2025/03/25 10:32:07,2025-03-25,Fin whale,Balaenoptera physalus,3,0.6635381579399109,0.66263747215271,0.006493089720606804,0.6543186902999878,0.6758905649185181,0.6586945652961731,0.6679525375366211
65,38.25499,-73.67715,2025/03/25 10:32:38,2025-03-25,Fin whale,Balaenoptera physalus,3,0.6612903475761414,0.6603057980537415,0.011778351850807667,0.6355706453323364,0.681194007396698,0.6564840078353882,0.6679525375366211
80,38.28309,-74.29529,2025/03/25 11:56:47,2025-03-25,Common minke whale,Balaenoptera acutorostrata,1,0.6360401511192322,0.6304149627685547,0.029129164293408394,0.5937376618385315,0.695457935333252,0.6126782894134521,0.653407871723175
81,38.04273,-73.90911,2025/03/25 12:14:33,2025-03-25,Fin whale,Balaenoptera physalus,1,0.6929810047149658,0.6924772262573242,0.007775708567351103,0.6816262602806091,0.7101552486419678,0.6883479356765747,0.6965888738632202
82,38.15058,-74.15977,2025/03/25 12:22:37,2025-03-25,Common minke whale,Balaenoptera acutorostrata,1,0.6531808972358704,0.6539512872695923,0.018127920106053352,0.6248049736022949,0.6838417053222656,0.6361706256866455,0.6659711003303528
83,38.18413,-74.23932,2025/03/25 12:25:05,2025-03-25,Humpback whale,Megaptera novaeangliae,1,0.6119078397750854,0.6096073985099792,0.013727131299674511,0.5937376618385315,0.6361706256866455,0.598517656326294,0.6230489611625671
84,38.22727,-74.23258,2025/03/25 12:26:45,2025-03-25,Humpback whale,Megaptera novaeangliae,1,0.6096975207328796,0.6086623072624207,0.011329391971230507,0.5937376618385315,0.6248049736022949,0.598517656326294,0.6230489611625671
88,38.44993,-73.6255,2025/03/25 10:17:21,2025-03-25,Fin whale,Balaenoptera physalus,1,0.6483089923858643,0.6484314203262329,0.013114379718899727,0.6278605461120605,0.6712833046913147,0.6375871300697327,0.6533007025718689
89,38.41902,-73.61087,2025/03/25 10:18:32,2025-03-25,Fin whale,Balaenoptera physalus,1,0.6627203822135925,0.6658238172531128,0.016416391357779503,0.636201024055481,0.6831607222557068,0.6484314203262329,0.6794503331184387
64,38.24397,-73.67499,2025/03/25 10:32:07,2025-03-25,Fin whale,Balaenoptera physalus,3,0.4769631028175354,0.4789651036262512,0.010555798187851906,0.4531655013561249,0.48846060037612915,0.4735816717147827,0.48565712571144104
65,38.25499,-73.67715,2025/03/25 10:32:38,2025-03-25,Fin whale,Balaenoptera physalus,3,0.4706346094608307,0.4735816717147827,0.010950054042041302,0.45049038529396057,0.48355114459991455,0.46818822622299194,0.4789651036262512
80,38.28309,-74.29529,2025/03/25 11:56:47,2025-03-25,Common minke whale,Balaenoptera acutorostrata,1,0.7727572917938232,0.7799386382102966,0.08303903043270111,0.6488400101661682,0.9174200296401978,0.712917149066925,0.8263933062553406
81,38.04273,-73.90911,2025/03/25 12:14:33,2025-03-25,Fin whale,Balaenoptera physalus,1,0.4501981735229492,0.44751209020614624,0.006362164858728647,0.4424349367618561,0.4599614143371582,0.44543710350990295,0.4581238329410553
82,38.15058,-74.15977,2025/03/25 12:22:37,2025-03-25,Common minke whale,Balaenoptera acutorostrata,1,0.5159801244735718,0.5201852321624756,0.013219925574958324,0.4937397539615631,0.5392274856567383,0.5073608756065369,0.5222059488296509
83,38.18413,-74.23932,2025/03/25 12:25:05,2025-03-25,Humpback whale,Megaptera novaeangliae,1,0.5978651642799377,0.5408490896224976,0.11410605907440186,0.5073608756065369,0.8263933062553406,0.5169507414102554,0.6322778463363647
84,38.22727,-74.23258,2025/03/25 12:26:45,2025-03-25,Humpback whale,Megaptera novaeangliae,1,0.5912423729896545,0.5259484052658081,0.11571550369262695,0.5073608756065369,0.8263933062553406,0.5151389092206955,0.6191876828670502
88,38.44993,-73.6255,2025/03/25 10:17:21,2025-03-25,Fin whale,Balaenoptera physalus,1,0.4731787443161011,0.4780235290527344,0.014341247268021107,0.44915175437927246,0.49074888229370117,0.4624578654766083,0.4849010705947876
89,38.41902,-73.61087,2025/03/25 10:18:32,2025-03-25,Fin whale,Balaenoptera physalus,1,0.48327815532684326,0.4891345202922821,0.01690991409122944,0.44915175437927246,0.5049705505371094,0.4780235290527344,0.49352583289146423
66,39.01514,-72.87994,2025/03/28 13:44:35,2025-03-28,Humpback whale,Megaptera novaeangliae,1,0.7017654776573181,0.6993870139122009,0.00516102509573102,0.6949711441993713,0.7112149596214294,0.6982346773147583,0.7053635716438293
67,39.02059,-72.87224,2025/03/28 13:47:26,2025-03-28,Humpback whale,Megaptera novaeangliae,3,0.702440083026886,0.7047419548034668,0.005750723648816347,0.6943349242210388,0.7121779918670654,0.6982346773147583,0.7065178155899048
68,38.95213,-72.8262,2025/03/28 13:50:51,2025-03-28,Humpback whale,Megaptera novaeangliae,2,0.7009581923484802,0.7034175992012024,0.0070783537812530994,0.6894528269767761,0.7086100578308105,0.697260320186615,0.7068655490875244
85,38.90541,-72.92221,2025/03/28 15:27:11,2025-03-28,Fin whale,Balaenoptera physalus,1,0.7143550515174866,0.7125493288040161,0.007282192353159189,0.7071467041969299,0.7292879223823547,0.7092283964157104,0.718850314617157
86,38.9159,-72.89889,2025/03/28 15:27:55,2025-03-28,Fin whale,Balaenoptera physalus,1,0.710189700126648,0.7092283964157104,0.008052365854382515,0.697260320186615,0.7229432463645935,0.7071467041969299,0.7167571783065796
90,38.85645,-72.93567,2025/03/28 15:40:01,2025-03-28,Fin whale,Balaenoptera physalus,1,0.7153866291046143,0.7125493288040161,0.008093265816569328,0.7071467041969299,0.7314396500587463,0.7093271613121033,0.7229432463645935
66,39.01514,-72.87994,2025/03/28 13:44:35,2025-03-28,Humpback whale,Megaptera novaeangliae,1,0.8218943476676941,0.8248569369316101,0.016695916652679443,0.800994873046875,0.8532721996307373,0.8072697520256042,0.8344586491584778
67,39.02059,-72.87224,2025/03/28 13:47:26,2025-03-28,Humpback whale,Megaptera novaeangliae,3,0.8302323818206787,0.8271977305412292,0.027397150173783302,0.7932010293006897,0.8899629712104797,0.8072697520256042,0.8372066617012024
68,38.95213,-72.8262,2025/03/28 13:50:51,2025-03-28,Humpback whale,Megaptera novaeangliae,2,0.7712364196777344,0.7694199085235596,0.01854209043085575,0.7401041984558105,0.8046658635139465,0.7656391263008118,0.7769641280174255
85,38.90541,-72.92221,2025/03/28 15:27:11,2025-03-28,Fin whale,Balaenoptera physalus,1,0.7805590629577637,0.7883347272872925,0.014748821035027504,0.7499058246612549,0.7976481914520264,0.7704923152923584,0.7921271324157715
86,38.9159,-72.89889,2025/03/28 15:27:55,2025-03-28,Fin whale,Balaenoptera physalus,1,0.7834458947181702,0.7883347272872925,0.01030933391302824,0.7694199085235596,0.7976481914520264,0.7730310559272766,0.7921271324157715
90,38.85645,-72.93567,2025/03/28 15:40:01,2025-03-28,Fin whale,Balaenoptera physalus,1,0.7746501564979553,0.7725319862365723,0.015185622498393059,0.7499058246612549,0.7976481914520264,0.7701033353805542,0.7900102138519287
66,39.01514,-72.87994,2025/03/28 13:44:35,2025-03-28,Humpback whale,Megaptera novaeangliae,1,0.6719818711280823,0.6806797385215759,0.0467953160405159,0.6080443859100342,0.7362299561500549,0.6198886632919312,0.7151719331741333
67,39.02059,-72.87224,2025/03/28 13:47:26,2025-03-28,Humpback whale,Megaptera novaeangliae,3,0.701137900352478,0.7012249827384949,0.030382243916392326,0.6498721241950989,0.7477348446846008,0.6806797385215759,0.722019374370575
68,38.95213,-72.8262,2025/03/28 13:50:51,2025-03-28,Humpback whale,Megaptera novaeangliae,2,0.6366514563560486,0.6312931776046753,0.022335777059197426,0.60515296459198,0.6806797385215759,0.6199766397476196,0.6498721241950989
85,38.90541,-72.92221,2025/03/28 15:27:11,2025-03-28,Fin whale,Balaenoptera physalus,1,0.6125205159187317,0.6034860014915466,0.030582576990127563,0.5751175284385681,0.6689332723617554,0.587755024433136,0.6336308717727661
86,38.9159,-72.89889,2025/03/28 15:27:55,2025-03-28,Fin whale,Balaenoptera physalus,1,0.6303265690803528,0.6321787238121033,0.026172418147325516,0.587755024433136,0.6689332723617554,0.6112790107727051,0.6525205373764038
90,38.85645,-72.93567,2025/03/28 15:40:01,2025-03-28,Fin whale,Balaenoptera physalus,1,0.6087038516998291,0.6112790107727051,0.023276474326848984,0.5751175284385681,0.6525205373764038,0.587755024433136,0.6189835667610168
69,37.25867,-74.55983,2025/03/23 12:41:18,2025-03-23,Humpback whale,Megaptera novaeangliae,1,0.6274091005325317,0.6181293725967407,0.025197133421897888,0.5996915698051453,0.6891638040542603,0.6094592809677124,0.6378574371337891
70,37.22707,-74.53243,2025/03/23 12:42:35,2025-03-23,Humpback whale,Megaptera novaeangliae,2,0.6292201280593872,0.6362602710723877,0.0185480285435915,0.5996915698051453,0.6603779196739197,0.608698844909668,0.6389386653900146
71,37.1985,-74.58969,2025/03/23 12:45:23,2025-03-23,Common minke whale,Balaenoptera acutorostrata,1,0.6125237941741943,0.6094592809677124,0.008717565797269344,0.5996915698051453,0.6265357136726379,0.606008768081665,0.6209716796875
72,37.1857,-74.60767,2025/03/23 12:46:03,2025-03-23,Common minke whale,Balaenoptera acutorostrata,1,0.6125237941741943,0.6094592809677124,0.008717565797269344,0.5996915698051453,0.6265357136726379,0.606008768081665,0.6209716796875
73,38.19398,-74.43439,2025/03/23 17:03:12,2025-03-23,Fin whale,Balaenoptera physalus,2,0.6824623346328735,0.673693060874939,0.04368323087692261,0.6142605543136597,0.7425384521484375,0.6482460498809814,0.7355026602745056
74,37.40961,-74.55548,2025/03/23 15:11:46,2025-03-23,Humpback whale,Megaptera novaeangliae,3,0.6520631313323975,0.6589025855064392,0.01825583539903164,0.6159377694129944,0.6764341592788696,0.6466296911239624,0.6639600992202759
75,37.38307,-74.55037,2025/03/23 15:12:42,2025-03-23,Humpback whale,Megaptera novaeangliae,3,0.6520631313323975,0.6589025855064392,0.01825583539903164,0.6159377694129944,0.6764341592788696,0.6466296911239624,0.6639600992202759
76,37.39766,-74.52956,2025/03/23 15:16:42,2025-03-23,Fin whale,Balaenoptera physalus,2,0.6612221598625183,0.6639600992202759,0.014235571958124638,0.6288778185844421,0.681465744972229,0.6589025855064392,0.669253945350647
77,37.40942,-74.51557,2025/03/23 15:17:32,2025-03-23,Fin whale,Balaenoptera physalus,2,0.6612221598625183,0.6639600992202759,0.014235571958124638,0.6288778185844421,0.681465744972229,0.6589025855064392,0.669253945350647
78,37.4434,-74.46194,2025/03/23 15:28:11,2025-03-23,Fin whale,Balaenoptera physalus,1,0.6690399050712585,0.669253945350647,0.0072551751509308815,0.6589025855064392,0.6814333200454712,0.6619278192520142,0.6729483008384705
79,37.42966,-74.46908,2025/03/23 15:29:04,2025-03-23,Fin whale,Balaenoptera physalus,1,0.6690399050712585,0.669253945350647,0.0072551751509308815,0.6589025855064392,0.6814333200454712,0.6619278192520142,0.6729483008384705
87,37.33264,-74.55562,2025/03/23 14:06:57,2025-03-23,Humpback whale,Megaptera novaeangliae,1,0.6346539258956909,0.6287323832511902,0.025330590084195137,0.608698844909668,0.6891638040542603,0.6160107254981995,0.6389386653900146
69,37.25867,-74.55983,2025/03/23 12:41:18,2025-03-23,Humpback whale,Megaptera novaeangliae,1,0.5891023278236389,0.5880761742591858,0.013143145479261875,0.5676341652870178,0.610680341720581,0.5804500579833984,0.5981277227401733
70,37.22707,-74.53243,2025/03/23 12:42:35,2025-03-23,Humpback whale,Megaptera novaeangliae,2,0.5675464868545532,0.5676341652870178,0.016796033829450607,0.5427708029747009,0.5928954482078552,0.5519229173660278,0.5804500579833984
71,37.1985,-74.58969,2025/03/23 12:45:23,2025-03-23,Common minke whale,Balaenoptera acutorostrata,1,0.5485430359840393,0.5478746294975281,0.01834193989634514,0.5268698930740356,0.5804500579833984,0.5320524573326111,0.5590684413909912
72,37.1857,-74.60767,2025/03/23 12:46:03,2025-03-23,Common minke whale,Balaenoptera acutorostrata,1,0.5485430359840393,0.5478746294975281,0.01834193989634514,0.5268698930740356,0.5804500579833984,0.5320524573326111,0.5590684413909912
73,38.19398,-74.43439,2025/03/23 17:03:12,2025-03-23,Fin whale,Balaenoptera physalus,2,0.7397448420524597,0.7300658226013184,0.042480457574129105,0.6864473223686218,0.8075327277183533,0.6998291015625,0.7830997705459595
74,37.40961,-74.55548,2025/03/23 15:11:46,2025-03-23,Humpback whale,Megaptera novaeangliae,3,0.6231855154037476,0.6232024431228638,0.01439050305634737,0.5968755483627319,0.6479692459106445,0.6199325323104858,0.6312780976295471
75,37.38307,-74.55037,2025/03/23 15:12:42,2025-03-23,Humpback whale,Megaptera novaeangliae,3,0.6231855154037476,0.6232024431228638,0.01439050305634737,0.5968755483627319,0.6479692459106445,0.6199325323104858,0.6312780976295471
76,37.39766,-74.52956,2025/03/23 15:16:42,2025-03-23,Fin whale,Balaenoptera physalus,2,0.6330903172492981,0.6312780976295471,0.015293598175048828,0.6088265180587769,0.6647780537605286,0.6232024431228638,0.637672483921051
77,37.40942,-74.51557,2025/03/23 15:17:32,2025-03-23,Fin whale,Balaenoptera physalus,2,0.6330903172492981,0.6312780976295471,0.015293598175048828,0.6088265180587769,0.6647780537605286,0.6232024431228638,0.637672483921051
78,37.4434,-74.46194,2025/03/23 15:28:11,2025-03-23,Fin whale,Balaenoptera physalus,1,0.6528463363647461,0.6542625427246094,0.015213589183986187,0.6289502382278442,0.6728456020355225,0.637672483921051,0.6667970418930054
79,37.42966,-74.46908,2025/03/23 15:29:04,2025-03-23,Fin whale,Balaenoptera physalus,1,0.6528463363647461,0.6542625427246094,0.015213589183986187,0.6289502382278442,0.6728456020355225,0.637672483921051,0.6667970418930054
87,37.33264,-74.55562,2025/03/23 14:06:57,2025-03-23,Humpback whale,Megaptera novaeangliae,1,0.6030640006065369,0.5981277227401733,0.013769085519015789,0.5867862105369568,0.6272863149642944,0.5928954482078552,0.610680341720581
69,37.25867,-74.55983,2025/03/23 12:41:18,2025-03-23,Humpback whale,Megaptera novaeangliae,1,0.465934157371521,0.46331843733787537,0.008114838972687721,0.4563227593898773,0.4801907241344452,0.45949238538742065,0.47257184982299805
70,37.22707,-74.53243,2025/03/23 12:42:35,2025-03-23,Humpback whale,Megaptera novaeangliae,2,0.46470949053764343,0.46331843733787537,0.007872008718550205,0.4553617238998413,0.48003557324409485,0.4570424258708954,0.4673776626586914
71,37.1985,-74.58969,2025/03/23 12:45:23,2025-03-23,Common minke whale,Balaenoptera acutorostrata,1,0.48300954699516296,0.48581910133361816,0.011694679036736488,0.46306106448173523,0.502035915851593,0.4744042754173279,0.48900407552719116
72,37.1857,-74.60767,2025/03/23 12:46:03,2025-03-23,Common minke whale,Balaenoptera acutorostrata,1,0.48300954699516296,0.48581910133361816,0.011694679036736488,0.46306106448173523,0.502035915851593,0.4744042754173279,0.48900407552719116
73,38.19398,-74.43439,2025/03/23 17:03:12,2025-03-23,Fin whale,Balaenoptera physalus,2,0.922063410282135,0.9064823389053345,0.07063552737236023,0.8066806197166443,1.032470703125,0.8807252645492554,0.9732164740562439
74,37.40961,-74.55548,2025/03/23 15:11:46,2025-03-23,Humpback whale,Megaptera novaeangliae,3,0.5016893744468689,0.5017603039741516,0.021264992654323578,0.4685549736022949,0.5369774103164673,0.4898335933685303,0.5188801288604736
75,37.38307,-74.55037,2025/03/23 15:12:42,2025-03-23,Humpback whale,Megaptera novaeangliae,3,0.5016893744468689,0.5017603039741516,0.021264992654323578,0.4685549736022949,0.5369774103164673,0.4898335933685303,0.5188801288604736
76,37.39766,-74.52956,2025/03/23 15:16:42,2025-03-23,Fin whale,Balaenoptera physalus,2,0.5020055770874023,0.5017603039741516,0.014521842822432518,0.476435124874115,0.5262557864189148,0.4922029972076416,0.51261967420578
77,37.40942,-74.51557,2025/03/23 15:17:32,2025-03-23,Fin whale,Balaenoptera physalus,2,0.5020055770874023,0.5017603039741516,0.014521842822432518,0.476435124874115,0.5262557864189148,0.4922029972076416,0.51261967420578
78,37.4434,-74.46194,2025/03/23 15:28:11,2025-03-23,Fin whale,Balaenoptera physalus,1,0.5099506974220276,0.5034932494163513,0.013598338700830936,0.4904886782169342,0.5341845750808716,0.5018375515937805,0.5188801288604736
79,37.42966,-74.46908,2025/03/23 15:29:04,2025-03-23,Fin whale,Balaenoptera physalus,1,0.5099506974220276,0.5034932494163513,0.013598338700830936,0.4904886782169342,0.5341845750808716,0.5018375515937805,0.5188801288604736
87,37.33264,-74.55562,2025/03/23 14:06:57,2025-03-23,Humpback whale,Megaptera novaeangliae,1,0.47015905380249023,0.4685549736022949,0.010095070116221905,0.4563227593898773,0.4898335933685303,0.46331843733787537,0.476435124874115
91,37.04632,-74.59676,2025/03/04 13:02:20,2025-03-04,Sperm whale,Physeter macrocephalus,1,0.7393327951431274,0.7423346638679504,0.017728544771671295,0.7074957489967346,0.7703095078468323,0.7295181155204773,0.748857319355011
92,37.3009,-74.59182,2025/03/04 13:10:54,2025-03-04,Fin whale,Balaenoptera physalus,1,0.7312933206558228,0.7372294068336487,0.02254554070532322,0.6703153848648071,0.7506736516952515,0.7312489151954651,0.742988646030426
91,37.04632,-74.59676,2025/03/04 13:02:20,2025-03-04,Sperm whale,Physeter macrocephalus,1,0.8702065348625183,0.8517513275146484,0.06371263414621353,0.7812851071357727,0.9745209813117981,0.8180034756660461,0.914681613445282
92,37.3009,-74.59182,2025/03/04 13:10:54,2025-03-04,Fin whale,Balaenoptera physalus,1,1.3153856992721558,1.3100061416625977,0.0590762123465538,1.2097117900848389,1.4098403453826904,1.2725485563278198,1.3341022729873657
91,37.04632,-74.59676,2025/03/04 13:02:20,2025-03-04,Sperm whale,Physeter macrocephalus,1,0.8959735035896301,0.9217880368232727,0.07579830288887024,0.7831698060035706,1.0130780935287476,0.8145051002502441,0.9418067932128906
92,37.3009,-74.59182,2025/03/04 13:10:54,2025-03-04,Fin whale,Balaenoptera physalus,1,0.8514285683631897,0.8442915678024292,0.02642221748828888,0.8147583603858948,0.8885529041290283,0.8284295201301575,0.8764294385910034
93,38.97775,-72.91418,2025/03/11 11:37:18,2025-03-11,Humpback whale,Megaptera novaeangliae,1,0.8268371820449829,0.8260855674743652,0.01109757088124752,0.8109157085418701,0.8465105891227722,0.8215771317481995,0.8341346979141235
94,38.95405,-72.92646,2025/03/11 11:38:14,2025-03-11,Humpback whale,Megaptera novaeangliae,1,0.8261097073554993,0.8273230195045471,0.009378238581120968,0.8109157085418701,0.8436463475227356,0.8219131231307983,0.830307126045227
96,38.90687,-72.92903,2025/03/11 11:48:24,2025-03-11,Fin whale,Balaenoptera physalus,1,0.8090814352035522,0.8219131231307983,0.02801509015262127,0.7594740986824036,0.8436463475227356,0.7826312184333801,0.8274662494659424
98,38.78159,-73.16284,2025/03/11 15:42:47,2025-03-11,Humpback whale,Megaptera novaeangliae,1,0.7909913063049316,0.7845665216445923,0.023493675515055656,0.7568377256393433,0.8336396217346191,0.7721360921859741,0.806934118270874
99,38.73944,-73.18727,2025/03/11 15:44:54,2025-03-11,Humpback whale,Megaptera novaeangliae,1,0.7980262041091919,0.8047718405723572,0.022936593741178513,0.7534087896347046,0.8336396217346191,0.7845665216445923,0.8126362562179565
103,38.82424,-72.97037,2025/03/11 14:10:02,2025-03-11,Humpback whale,Megaptera novaeangliae,1,0.7638776302337646,0.7594740986824036,0.01599166914820671,0.7435020804405212,0.8005411028862,0.7534095048904419,0.7726114392280579
104,38.80724,-73.04831,2025/03/11 14:12:17,2025-03-11,Fin whale,Balaenoptera physalus,2,0.7612372636795044,0.7507449388504028,0.024367908015847206,0.7435020804405212,0.8240607976913452,0.7478192448616028,0.7568377256393433
105,38.79278,-73.06293,2025/03/11 14:13:14,2025-03-11,Fin whale,Balaenoptera physalus,2,0.7612372636795044,0.7507449388504028,0.024367908015847206,0.7435020804405212,0.8240607976913452,0.7478192448616028,0.7568377256393433
106,38.79443,-73.09417,2025/03/11 14:18:05,2025-03-11,Humpback whale,Megaptera novaeangliae,1,0.7797121405601501,0.7721360921859741,0.03176327422261238,0.7464128732681274,0.8328775763511658,0.7507449388504028,0.806934118270874
93,38.97775,-72.91418,2025/03/11 11:37:18,2025-03-11,Humpback whale,Megaptera novaeangliae,1,0.8541724681854248,0.85203617811203,0.006224462762475014,0.8442106246948242,0.865551233291626,0.8511701822280884,0.85652095079422
94,38.95405,-72.92646,2025/03/11 11:38:14,2025-03-11,Humpback whale,Megaptera novaeangliae,1,0.8707675337791443,0.8630033135414124,0.02135833352804184,0.8510300517082214,0.9133089780807495,0.8536686301231384,0.8828162550926208
96,38.90687,-72.92903,2025/03/11 11:48:24,2025-03-11,Fin whale,Balaenoptera physalus,1,0.8831362724304199,0.8893930912017822,0.020450498908758163,0.8516988158226013,0.9133089780807495,0.865551233291626,0.899309515953064
98,38.78159,-73.16284,2025/03/11 15:42:47,2025-03-11,Humpback whale,Megaptera novaeangliae,1,0.9504542946815491,0.9525129199028015,0.010825028643012047,0.930787205696106,0.9620726704597473,0.9428050518035889,0.9610135555267334
99,38.73944,-73.18727,2025/03/11 15:44:54,2025-03-11,Humpback whale,Megaptera novaeangliae,1,0.9562507271766663,0.9610135555267334,0.011681453324854374,0.9365392327308655,0.9727199077606201,0.9497848153114319,0.9625679850578308
103,38.82424,-72.97037,2025/03/11 14:10:02,2025-03-11,Humpback whale,Megaptera novaeangliae,1,0.8996536731719971,0.8915773034095764,0.016825880855321884,0.8826017379760742,0.938533365726471,0.8890547156333923,0.9101986885070801
104,38.80724,-73.04831,2025/03/11 14:12:17,2025-03-11,Fin whale,Balaenoptera physalus,2,0.9283144474029541,0.9294626712799072,0.01771366409957409,0.8968313932418823,0.9525129199028015,0.9126977324485779,0.9428050518035889
105,38.79278,-73.06293,2025/03/11 14:13:14,2025-03-11,Fin whale,Balaenoptera physalus,2,0.9283144474029541,0.9294626712799072,0.01771366409957409,0.8968313932418823,0.9525129199028015,0.9126977324485779,0.9428050518035889
106,38.79443,-73.09417,2025/03/11 14:18:05,2025-03-11,Humpback whale,Megaptera novaeangliae,1,0.9385731220245361,0.9428050518035889,0.013969642110168934,0.9126977324485779,0.9572241902351379,0.9294626712799072,0.9497848153114319
93,38.97775,-72.91418,2025/03/11 11:37:18,2025-03-11,Humpback whale,Megaptera novaeangliae,1,0.7056829929351807,0.7053635716438293,0.006540430709719658,0.697260320186615,0.718850314617157,0.6993870139122009,0.7092283964157104
94,38.95405,-72.92646,2025/03/11 11:38:14,2025-03-11,Humpback whale,Megaptera novaeangliae,1,0.7123395204544067,0.7101659774780273,0.007046652492135763,0.7053635716438293,0.7292879223823547,0.7072485685348511,0.7125493288040161
96,38.90687,-72.92903,2025/03/11 11:48:24,2025-03-11,Fin whale,Balaenoptera physalus,1,0.7143550515174866,0.7125493288040161,0.007282192353159189,0.7071467041969299,0.7292879223823547,0.7092283964157104,0.718850314617157
98,38.78159,-73.16284,2025/03/11 15:42:47,2025-03-11,Humpback whale,Megaptera novaeangliae,1,0.7117586135864258,0.7236312031745911,0.03125883266329765,0.6278433799743652,0.7372674942016602,0.7149027585983276,0.7272615432739258
99,38.73944,-73.18727,2025/03/11 15:44:54,2025-03-11,Humpback whale,Megaptera novaeangliae,1,0.6666591763496399,0.6604638695716858,0.0503205806016922,0.6016170978546143,0.7372674942016602,0.6272252202033997,0.7149027585983276
103,38.82424,-72.97037,2025/03/11 14:10:02,2025-03-11,Humpback whale,Megaptera novaeangliae,1,0.7214286923408508,0.7238618731498718,0.0072408271953463554,0.7093271613121033,0.7314396500587463,0.7142348885536194,0.7257760167121887
104,38.80724,-73.04831,2025/03/11 14:12:17,2025-03-11,Fin whale,Balaenoptera physalus,2,0.724200963973999,0.7257760167121887,0.0043139224871993065,0.7142348885536194,0.7296851873397827,0.723417341709137,0.7271275520324707
105,38.79278,-73.06293,2025/03/11 14:13:14,2025-03-11,Fin whale,Balaenoptera physalus,2,0.724200963973999,0.7257760167121887,0.0043139224871993065,0.7142348885536194,0.7296851873397827,0.723417341709137,0.7271275520324707
106,38.79443,-73.09417,2025/03/11 14:18:05,2025-03-11,Humpback whale,Megaptera novaeangliae,1,0.7246590852737427,0.7258984446525574,0.007628969848155975,0.7072006464004517,0.7372674942016602,0.723417341709137,0.7272615432739258
95,37.63767,-74.38167,2025/03/09 12:41:06,2025-03-09,Humpback whale,Megaptera novaeangliae,1,0.8143303990364075,0.8072989583015442,0.04524228349328041,0.729137122631073,0.8978070616722107,0.7921688556671143,0.828406572341919
97,37.66205,-74.3774,2025/03/09 12:42:37,2025-03-09,Humpback whale,Megaptera novaeangliae,1,0.8143303990364075,0.8072989583015442,0.04524228349328041,0.729137122631073,0.8978070616722107,0.7921688556671143,0.828406572341919
100,37.5081,-74.4053,2025/03/09 11:37:00,2025-03-09,Humpback whale,Megaptera novaeangliae,1,0.8190345168113708,0.8098540902137756,0.04495415464043617,0.7522661685943604,0.9076042175292969,0.7981806993484497,0.8182553052902222
95,37.63767,-74.38167,2025/03/09 12:41:06,2025-03-09,Humpback whale,Megaptera novaeangliae,1,0.8683304190635681,0.8688755035400391,0.025114627555012703,0.8250373005867004,0.9087114930152893,0.8562013506889343,0.8884445428848267
97,37.66205,-74.3774,2025/03/09 12:42:37,2025-03-09,Humpback whale,Megaptera novaeangliae,1,0.8683304190635681,0.8688755035400391,0.025114627555012703,0.8250373005867004,0.9087114930152893,0.8562013506889343,0.8884445428848267
100,37.5081,-74.4053,2025/03/09 11:37:00,2025-03-09,Humpback whale,Megaptera novaeangliae,1,0.8746073246002197,0.8775181770324707,0.028692880645394325,0.8316615223884583,0.9171949028968811,0.8434815406799316,0.8996737599372864
95,37.63767,-74.38167,2025/03/09 12:41:06,2025-03-09,Humpback whale,Megaptera novaeangliae,1,0.6652408242225647,0.6767547130584717,0.023654969409108162,0.628962516784668,0.6948196887969971,0.640513002872467,0.6822758913040161
97,37.66205,-74.3774,2025/03/09 12:42:37,2025-03-09,Humpback whale,Megaptera novaeangliae,1,0.6652408242225647,0.6767547130584717,0.023654969409108162,0.628962516784668,0.6948196887969971,0.640513002872467,0.6822758913040161
100,37.5081,-74.4053,2025/03/09 11:37:00,2025-03-09,Humpback whale,Megaptera novaeangliae,1,0.6742047071456909,0.6745442152023315,0.011067281477153301,0.6572292447090149,0.695112407207489,0.6669859290122986,0.6814333200454712
107,37.33901,-74.56844,2025/02/15 09:33:15,2025-02-15,Fin whale,Balaenoptera physalus,1,0.6748125553131104,0.6780502796173096,0.01842941716313362,0.6418823599815369,0.7010272145271301,0.6579722166061401,0.6826885342597961
108,37.32115,-74.58614,2025/02/15 09:34:25,2025-02-15,Fin whale,Balaenoptera physalus,2,0.6307592391967773,0.6226227283477783,0.051296085119247437,0.5530514121055603,0.7010272145271301,0.5815773606300354,0.6826885342597961
110,37.45868,-74.36093,2025/02/15 10:50:35,2025-02-15,Fin whale,Balaenoptera physalus,1,0.7050946354866028,0.7088510990142822,0.010783239267766476,0.6828598380088806,0.7157030701637268,0.6963981986045837,0.7144718766212463
111,37.4829,-74.38463,2025/02/15 10:51:43,2025-02-15,Fin whale,Balaenoptera physalus,1,0.6844494938850403,0.693947970867157,0.025518015027046204,0.6448853015899658,0.7144718766212463,0.6546569466590881,0.7088510990142822
107,37.33901,-74.56844,2025/02/15 09:33:15,2025-02-15,Fin whale,Balaenoptera physalus,1,0.8378734588623047,0.8317362070083618,0.03590398281812668,0.7798628807067871,0.889240562915802,0.8215298652648926,0.8759905099868774
108,37.32115,-74.58614,2025/02/15 09:34:25,2025-02-15,Fin whale,Balaenoptera physalus,2,0.8237035274505615,0.8152755498886108,0.027287745848298073,0.7960235476493835,0.889240562915802,0.8070146441459656,0.8317362070083618
110,37.45868,-74.36093,2025/02/15 10:50:35,2025-02-15,Fin whale,Balaenoptera physalus,1,0.7553603649139404,0.7598397731781006,0.01589667610824108,0.7240803241729736,0.7767888903617859,0.7420425415039062,0.7636451125144958
111,37.4829,-74.38463,2025/02/15 10:51:43,2025-02-15,Fin whale,Balaenoptera physalus,1,0.7414926886558533,0.7398543953895569,0.014208385720849037,0.7229212522506714,0.7600343823432922,0.7324681878089905,0.75954270362854
107,37.33901,-74.56844,2025/02/15 09:33:15,2025-02-15,Fin whale,Balaenoptera physalus,1,0.6909839510917664,0.6903282403945923,0.04575866460800171,0.622272253036499,0.7506736516952515,0.6526866555213928,0.7342734336853027
108,37.32115,-74.58614,2025/02/15 09:34:25,2025-02-15,Fin whale,Balaenoptera physalus,2,0.7312933206558228,0.7372294068336487,0.02254554070532322,0.6703153848648071,0.7506736516952515,0.7312489151954651,0.742988646030426
110,37.45868,-74.36093,2025/02/15 10:50:35,2025-02-15,Fin whale,Balaenoptera physalus,1,0.6775713562965393,0.6763609051704407,0.008516158908605576,0.658732533454895,0.6867373585700989,0.6736294627189636,0.6855578422546387
111,37.4829,-74.38463,2025/02/15 10:51:43,2025-02-15,Fin whale,Balaenoptera physalus,1,0.6847108006477356,0.682137131690979,0.0172834862023592,0.658732533454895,0.7213840484619141,0.6736294627189636,0.6867373585700989
